globe,world,0.6263310313224792,None,30,321,True
organisation,organization,0.6017614603042603,0.5848049521446228,184,14,True
nevertheless,nonetheless,0.6828329563140869,0.6818466186523438,171,19,True
alter,change,0.5854290723800659,None,18,171,True
marketplace,markets,0.6673197150230408,None,28,58,True
persist,remain,0.5603480339050293,None,11,55,True
postponement,delay,0.6092095375061035,None,24,37,True
react,respond,0.706950306892395,None,23,35,True
woefully,sadly,0.5670620799064636,None,12,43,True
catastrophe,disaster,0.6849424839019775,None,16,38,True
construct,build,0.6428811550140381,None,15,38,True
component,element,0.6828440427780151,None,26,22,True
appraisal,assessment,0.5900366306304932,None,19,28,True
decrease,reduction,0.7628117799758911,None,11,35,True
selection,choice,0.4514074921607971,None,18,28,True
feasible,viable,0.6424554586410522,None,26,17,True
misuse,abuse,0.5706645250320435,None,20,23,True
contamination,pollution,0.6194125413894653,None,21,22,True
assault,attack,0.6003995537757874,None,13,28,True
spare,extra,0.5307544469833374,None,17,23,True
profoundly,deeply,0.6959048509597778,None,20,19,True
frustrated,disappointed,0.652203381061554,None,10,27,True
distinguish,identify,0.5534048676490784,None,19,17,True
ludicrous,ridiculous,0.806638240814209,None,22,13,True
spreading,spread,0.7766431570053101,None,18,16,True
annexes,annex,0.5681902170181274,None,18,13,True
select,choose,0.5469298362731934,None,13,18,True
barely,hardly,0.6570179462432861,None,16,14,True
silly,ridiculous,0.7083105444908142,None,16,13,True
sick,ill,0.6009621620178223,None,13,16,True
seconds,minute,0.6353316903114319,None,14,15,True
variant,version,0.5221588611602783,None,12,16,True
rises,rising,0.6562480926513672,None,12,12,True
aspiration,ambition,0.6140617728233337,None,11,12,True
collecting,collection,0.5737788677215576,None,11,11,True
nervous,anxious,0.583135724067688,None,10,10,True
subcommittee,committee,0.6256402730941772,None,14,523,False
honourable,state,0.6610383987426758,0.593187689781189,113,311,False
crucial,vital,0.799770176410675,0.7854371070861816,229,129,False
ten,five,0.8666683435440063,0.8386783599853516,190,91,False
recreational,fishing,0.6382213234901428,None,19,258,False
censure,resolution,0.5526859164237976,None,28,249,False
hunting,fishing,0.5997679233551025,None,10,258,False
quicker,better,0.6372065544128418,None,18,214,False
wellbeing,health,0.5871206521987915,None,21,202,False
madame,madam,0.7122584581375122,None,13,204,False
overhaul,reform,0.5951486229896545,None,12,204,False
klaus,madam,0.7520197629928589,None,11,204,False
subjects,issues,0.5567001104354858,None,46,161,False
afternoon,morning,0.8741733431816101,0.8675951957702637,139,68,False
ecr,alde,0.8117324709892273,None,165,32,False
bulgaria,accession,0.4955131709575653,0.3942214250564575,146,41,False
norms,standards,0.5886910557746887,None,13,146,False
reiterate,congratulate,0.6201987266540527,None,40,117,False
disregard,respect,0.565948486328125,None,18,133,False
strides,progress,0.5684539079666138,None,13,134,False
differing,different,0.696548581123352,None,23,122,False
prodi,barroso,0.7815475463867188,0.7179862260818481,113,30,False
collected,used,0.5261611342430115,None,24,117,False
worries,concerns,0.6812278032302856,None,26,109,False
thus,thereby,0.6825965046882629,0.6542339324951172,107,18,False
communications,communication,0.6232537031173706,None,66,52,False
herring,cod,0.8045209050178528,None,11,103,False
hundreds,thousands,0.8799733519554138,0.8554823398590088,83,31,False
presumption,rule,0.54292893409729,None,13,98,False
transformation,growth,0.5548639893531799,None,17,91,False
kinnock,fischler,0.7998626828193665,0.6787853240966797,84,23,False
whistleblowers,workers,0.47125232219696045,None,10,97,False
briefing,meeting,0.5474501252174377,None,13,94,False
deployment,implementation,0.5329006910324097,None,16,91,False
outset,moment,0.6000326871871948,None,36,70,False
attitudes,climate,0.5486764907836914,None,28,76,False
pse,ppe,0.8288213014602661,0.8090100288391113,87,17,False
ecb,eib,0.5241948366165161,None,91,13,False
plays,play,0.6120866537094116,None,26,78,False
toys,children,0.5338934063911438,None,18,85,False
approached,raised,0.5614916086196899,None,22,80,False
patten,nielson,0.7514101266860962,0.6542568206787109,85,17,False
dynamism,growth,0.6037530899047852,None,11,91,False
senate,democrats,0.5224121809005737,None,16,84,False
reproductive,education,0.6165043115615845,None,21,79,False
eight,nine,0.8807730674743652,0.8491731882095337,82,18,False
realise,emphasise,0.6996511816978455,0.642114520072937,90,10,False
extremism,terrorism,0.7147388458251953,None,19,80,False
efd,alde,0.8446725606918335,None,67,32,False
capabilities,systems,0.612678050994873,None,33,66,False
infection,disease,0.6910011768341064,None,22,76,False
larger,smaller,0.8476231098175049,0.804931640625,74,24,False
drinking,water,0.6017777919769287,None,15,82,False
islamic,palestine,0.6601650714874268,None,70,25,False
inability,failure,0.6345405578613281,None,23,72,False
mothers,children,0.7033845782279968,None,10,85,False
seafarers,vessels,0.5734445452690125,None,18,76,False
seven,nine,0.8797699809074402,0.8790757656097412,76,18,False
timor,middle,0.7472930550575256,None,35,58,False
instances,cases,0.7396554946899414,None,32,58,False
employability,employment,0.6174979209899902,None,10,79,False
quarters,days,0.5549553632736206,None,26,63,False
africans,africa,0.704331636428833,None,11,77,False
sorted,carried,0.6732568144798279,None,30,57,False
bans,ban,0.7312217950820923,None,25,62,False
propaganda,media,0.4926678538322449,None,17,69,False
dossier,document,0.49792391061782837,None,48,38,False
bangladesh,india,0.6490728855133057,None,44,42,False
fees,costs,0.5873725414276123,None,13,73,False
communist,republic,0.5610868334770203,None,56,29,False
juncture,moment,0.6718606948852539,None,15,70,False
hostilities,conflict,0.577932596206665,None,13,72,False
levy,tax,0.556151270866394,None,11,74,False
persecution,discrimination,0.5992242693901062,None,37,48,False
ties,relations,0.6580593585968018,None,17,67,False
fee,tax,0.5193240642547607,None,10,74,False
byrne,bolkestein,0.8198189735412598,0.7386279106140137,63,21,False
allies,partners,0.5923675298690796,None,50,33,False
capability,technology,0.5853684544563293,None,39,43,False
disciplinary,criminal,0.5345445871353149,None,23,59,False
disclosure,transparency,0.5590473413467407,None,18,64,False
domain,private,0.5134413242340088,None,22,59,False
brutality,violence,0.6312954425811768,None,10,69,False
bureaucratic,bureaucracy,0.7389466762542725,None,65,14,False
eldr,ppe,0.8078548312187195,0.7455314993858337,62,17,False
unanimity,consensus,0.5527696013450623,None,38,41,False
moments,days,0.6148490905761719,None,15,63,False
movements,movement,0.5751246213912964,None,24,54,False
environments,systems,0.6241596341133118,None,11,66,False
definitely,happy,0.5710388422012329,None,28,49,False
ranging,range,0.5685266852378845,None,47,30,False
contingency,plan,0.48861268162727356,None,11,66,False
relationships,relationship,0.6897834539413452,None,42,35,False
liikanen,fischler,0.8036459684371948,0.6521297097206116,54,23,False
midlands,west,0.6887830495834351,None,36,41,False
deter,prevent,0.6922764778137207,None,11,65,False
curb,prevent,0.5833017826080322,None,11,65,False
landmines,weapons,0.49485957622528076,None,28,48,False
borne,carried,0.6121597290039062,None,18,57,False
pensions,pension,0.7323662042617798,None,60,15,False
cooperative,partnership,0.5613068342208862,None,29,46,False
widest,wide,0.4848271608352661,None,18,57,False
legislate,decide,0.5294632315635681,None,40,35,False
hunger,poverty,0.6386916637420654,None,14,61,False
prejudice,discrimination,0.5715888738632202,None,27,48,False
religion,religious,0.6898424625396729,None,54,20,False
tabling,tabled,0.7526172399520874,None,23,51,False
congress,delegation,0.4928945302963257,None,34,40,False
jurisprudence,constitutional,0.5480430722236633,None,10,64,False
pragmatic,sensible,0.6182035803794861,None,37,35,False
sri,nepal,0.6139257550239563,None,58,13,False
interventions,programmes,0.5548218488693237,None,12,59,False
inflation,rate,0.6277923583984375,None,40,31,False
le,de,0.6012442111968994,None,13,57,False
posts,papua,0.5193100571632385,None,52,18,False
disabilities,disabled,0.7375457286834717,None,51,19,False
vaccines,medicines,0.7028473615646362,None,28,42,False
defamation,criminal,0.4675406813621521,None,10,59,False
abstain,abstained,0.7101722955703735,None,52,17,False
arisen,led,0.5761537551879883,None,18,50,False
tories,britain,0.5897842049598694,None,10,58,False
extraordinarily,extremely,0.7193042039871216,None,14,54,False
leisure,tourism,0.5574759244918823,None,20,48,False
exposed,caused,0.5648151636123657,None,33,34,False
colombia,tampere,0.6145147085189819,None,53,14,False
indonesia,kosovo,0.7088091373443604,None,46,21,False
twelve,ten,0.8160093426704407,0.8132016658782959,24,43,False
waterways,waters,0.675330400466919,None,11,56,False
missile,weapons,0.5544641017913818,None,19,48,False
approximately,total,0.686074435710907,None,15,52,False
hence,moreover,0.5821118354797363,None,44,22,False
dem,alde,0.7119883298873901,None,34,32,False
fundamentally,truly,0.5819694995880127,None,47,19,False
runs,run,0.4929961562156677,None,18,48,False
lucky,happy,0.5645873546600342,None,17,49,False
trials,trial,0.5992540717124939,None,39,27,False
lawyer,friend,0.5860182046890259,None,35,30,False
missing,dead,0.5527685284614563,None,48,17,False
handled,dealt,0.6160906553268433,None,38,27,False
telecommunications,infrastructure,0.6326732039451599,None,35,30,False
except,unlike,0.48389142751693726,None,47,17,False
eggs,meat,0.5791479349136353,None,23,41,False
evolution,creation,0.5525349378585815,None,17,47,False
delivers,provides,0.6760812997817993,None,22,41,False
ind,alde,0.60263991355896,None,30,32,False
tight,low,0.5335969924926758,None,17,45,False
noise,traffic,0.5607355833053589,None,47,15,False
linguistic,cultural,0.6965736150741577,None,27,35,False
distinction,difference,0.6422663331031799,None,26,36,False
inaction,actions,0.5418687462806702,None,11,50,False
monti,fischler,0.7969687581062317,0.7092725038528442,38,23,False
mainstream,ngos,0.5250968933105469,None,23,38,False
database,data,0.5384300351142883,None,14,47,False
explore,develop,0.6099076271057129,None,16,45,False
rebate,subsidy,0.56864333152771,None,49,12,False
embark,focus,0.47859910130500793,None,12,48,False
began,started,0.7236352562904358,None,38,22,False
remark,remarks,0.7106856107711792,None,23,37,False
guns,weapons,0.576715886592865,None,12,48,False
elect,elected,0.6531293988227844,None,15,45,False
fuels,fuel,0.737880289554596,None,27,33,False
bias,discrimination,0.5263879299163818,None,11,48,False
dublin,amsterdam,0.64296555519104,None,39,20,False
humane,animal,0.55495685338974,None,19,40,False
governmental,agencies,0.6306922435760498,None,36,23,False
discriminated,discrimination,0.6410403847694397,None,11,48,False
transit,rail,0.5604686141014099,None,39,20,False
taxpayer,taxpayers,0.7471058368682861,None,43,16,False
immoral,illegal,0.5786741375923157,None,14,44,False
legislators,politicians,0.5606104731559753,None,27,31,False
trialogue,plenary,0.5701068639755249,None,35,23,False
habitats,species,0.6224725842475891,None,25,33,False
treatments,treatment,0.7187947630882263,None,13,45,False
sections,sectors,0.617190957069397,None,31,27,False
prudent,sensible,0.5521818399429321,None,23,35,False
japanese,chinese,0.6550192832946777,None,29,29,False
edge,competitive,0.5805713534355164,None,14,44,False
criminality,crime,0.709772527217865,None,11,47,False
decides,decide,0.6466357707977295,None,22,35,False
legislating,laws,0.5015633702278137,None,20,37,False
volume,liberalisation,0.5405870676040649,None,23,34,False
survivors,victims,0.6890950798988342,None,16,41,False
interfere,cooperate,0.5392229557037354,None,30,27,False
bushmeat,meat,0.4544346034526825,None,16,41,False
boundaries,borders,0.6447533369064331,None,25,32,False
robust,flexible,0.6001732349395752,None,42,15,False
enjoys,provides,0.5539284348487854,None,15,41,False
declarations,declaration,0.6272068023681641,None,29,27,False
exchanges,exchange,0.6283575296401978,None,29,27,False
shy,despite,0.4623076319694519,None,10,46,False
bureaucrats,politicians,0.6172518730163574,None,25,31,False
packaging,labelling,0.597936749458313,None,26,30,False
overseas,export,0.5911513566970825,None,15,41,False
winding,setting,0.5782227516174316,None,13,43,False
tragically,sadly,0.6428725719451904,None,13,43,False
consultations,consultation,0.669743537902832,None,20,35,False
rejecting,rejected,0.656876802444458,None,21,34,False
outcomes,results,0.5299493670463562,None,22,33,False
buying,selling,0.6997413635253906,None,43,12,False
tightening,setting,0.5165616869926453,None,12,43,False
draftsman,chairman,0.5069349408149719,None,26,29,False
damages,damage,0.5271897315979004,None,12,43,False
criticise,advise,0.5921045541763306,None,35,20,False
protocols,protocol,0.7379928827285767,None,17,38,False
criterion,criteria,0.6846610307693481,None,12,43,False
style,modern,0.4892579913139343,None,41,14,False
tunisia,syria,0.6196427345275879,None,43,12,False
constituencies,constituency,0.6037988066673279,None,13,41,False
transportation,liberalisation,0.6518338918685913,None,20,34,False
implies,recognises,0.6275061368942261,None,22,32,False
confront,respond,0.6269275546073914,None,19,35,False
servants,liberties,0.561636745929718,None,42,12,False
supplements,medicines,0.57591712474823,None,12,42,False
solana,poettering,0.804818868637085,0.7857840061187744,38,16,False
eplp,wholeheartedly,0.6106686592102051,0.5466784834861755,43,11,False
deliberations,discussions,0.5974715948104858,None,25,29,False
explicitly,specifically,0.5855090022087097,None,24,30,False
clarified,clarify,0.6269842386245728,None,25,29,False
regulators,regulatory,0.5992221832275391,None,32,21,False
dictate,decide,0.5722966194152832,None,18,35,False
mexico,usa,0.7103796005249023,None,31,22,False
undertakings,organisations,0.584733784198761,None,18,35,False
judges,courts,0.5380758047103882,None,33,20,False
chirac,barroso,0.685356080532074,0.6289706230163574,23,30,False
rational,sensible,0.5278336405754089,None,18,35,False
diabetes,diseases,0.6148546934127808,None,20,33,False
brutal,violent,0.5938609838485718,None,42,11,False
licensing,labelling,0.5997581481933594,None,22,30,False
interoperability,efficiency,0.5764344334602356,None,19,33,False
focusing,focused,0.7470741271972656,None,38,14,False
minimal,substantial,0.5764778852462769,None,15,37,False
insert,refer,0.4852670133113861,None,12,40,False
criticised,condemned,0.5873883366584778,None,41,11,False
policing,enforcement,0.6746278405189514,None,21,31,False
immense,enormous,0.7905728816986084,None,28,24,False
confine,refer,0.5646669864654541,None,12,40,False
meats,meat,0.6690340042114258,None,11,41,False
transnational,organisations,0.6113077998161316,None,17,35,False
experiencing,suffering,0.6414706707000732,None,15,36,False
fortunate,grateful,0.6378854513168335,None,13,38,False
exporters,export,0.7510996460914612,None,10,41,False
extremists,terrorists,0.7441129088401794,None,37,14,False
specify,confirm,0.5378466844558716,None,16,35,False
facility,facilities,0.5967605710029602,None,40,11,False
chairmen,presidents,0.634400486946106,None,16,35,False
intentioned,known,0.4571797847747803,None,10,41,False
barrier,barriers,0.5939602851867676,None,31,20,False
atrocities,crimes,0.6662330627441406,None,27,24,False
signatories,organisations,0.5366176962852478,None,15,35,False
benchmarks,targets,0.5652163028717041,None,23,27,False
resisted,rejected,0.6085982322692871,None,16,34,False
necessity,regionalisation,0.5735400319099426,None,36,14,False
bangemann,bolkestein,0.7470344305038452,0.573837161064148,29,21,False
emission,emissions,0.8387710452079773,None,28,22,False
benefited,suffered,0.6437720656394958,None,21,29,False
bail,carrying,0.47274354100227356,None,24,26,False
tampere,igc,0.7310988903045654,0.637241542339325,29,21,False
roles,responsibilities,0.5907913446426392,None,26,24,False
hazards,risks,0.7501654624938965,None,11,39,False
lamy,bolkestein,0.7917139530181885,None,29,21,False
employ,employed,0.6014329195022583,None,23,27,False
europol,schengen,0.6597610116004944,0.5373349189758301,39,11,False
allowances,subsidies,0.49393588304519653,None,18,32,False
presenting,presented,0.746779203414917,None,26,23,False
voiced,expressed,0.7255394458770752,None,11,38,False
tacis,smes,0.6992385387420654,None,19,30,False
appeared,appears,0.6807767748832703,None,25,24,False
inevitable,obvious,0.598880410194397,None,32,17,False
revolution,millennium,0.5155384540557861,None,36,13,False
vietnam,kosovo,0.6433445811271667,None,28,21,False
ozone,pollution,0.5542476177215576,None,27,22,False
reiterated,stated,0.5848398804664612,None,16,33,False
holiday,christmas,0.5335226058959961,None,33,16,False
fourthly,thirdly,0.6225059032440186,None,33,16,False
definitions,definition,0.6129852533340454,None,32,17,False
thoughts,comments,0.5539255142211914,None,19,30,False
dismissed,rejected,0.6428941488265991,None,15,34,False
letting,allowing,0.6107045412063599,None,12,36,False
illnesses,diseases,0.7064091563224792,None,15,33,False
politician,friend,0.5439335107803345,None,18,30,False
exceptions,exception,0.5612672567367554,None,34,14,False
condemnation,criticism,0.5413491129875183,None,37,11,False
darfur,palestine,0.6447709798812866,None,23,25,False
lesbians,men,0.5927901864051819,None,11,37,False
monthly,annual,0.5679196119308472,None,12,36,False
derivatives,trading,0.5008991360664368,None,16,32,False
facilitating,promoting,0.7119309902191162,None,22,26,False
schreyer,fischler,0.7691477537155151,None,25,23,False
endangered,species,0.6251184940338135,None,14,33,False
departments,agencies,0.6285485029220581,None,24,23,False
bonds,debt,0.5402254462242126,None,19,28,False
modernisation,regionalisation,0.6608978509902954,0.482822984457016,33,14,False
unrealistic,ridiculous,0.5889657735824585,None,34,13,False
challenging,tough,0.5339384078979492,None,30,17,False
preventive,prevention,0.6201855540275574,None,18,29,False
giscard,alde,0.6731606721878052,None,15,32,False
appeals,appeal,0.5218764543533325,None,16,31,False
maintains,supports,0.640430212020874,None,18,29,False
organisms,species,0.6481337547302246,None,14,33,False
extremist,terrorist,0.6851179599761963,None,14,33,False
settlements,settlement,0.6229310035705566,None,21,25,False
cooperating,cooperate,0.6492454409599304,None,19,27,False
enact,implement,0.6137106418609619,None,10,36,False
directorates,organisations,0.5704472064971924,None,11,35,False
documentation,documents,0.6149497032165527,None,14,32,False
tokyo,london,0.6700634956359863,None,12,34,False
vis,iranian,0.4683385491371155,None,36,10,False
foster,enhance,0.5488786101341248,None,24,22,False
forcing,forced,0.6476153135299683,None,25,21,False
admitted,claimed,0.6582435965538025,None,32,14,False
listed,included,0.5683862566947937,None,28,18,False
commenting,comment,0.5720705389976501,None,16,30,False
undergoing,suffering,0.49925896525382996,None,10,36,False
friendship,relationship,0.5588158965110779,None,11,35,False
sufferers,patients,0.6122817993164062,None,19,27,False
dragging,putting,0.5079095363616943,None,11,35,False
islamist,hamas,0.6091238260269165,None,31,15,False
conversion,liberalisation,0.534989058971405,None,12,34,False
mercury,pollution,0.5723662972450256,None,24,22,False
perpetrators,crimes,0.628574013710022,None,21,24,False
taliban,iranian,0.6676676869392395,None,35,10,False
emphasises,recognises,0.7406003475189209,0.7216871976852417,13,32,False
deputy,secretary,0.7099921703338623,None,23,22,False
facilitation,organisations,0.6176415085792542,None,10,35,False
succeeded,started,0.5715619325637817,None,23,22,False
craft,boats,0.625471830368042,None,18,27,False
seattle,washington,0.6099599599838257,None,34,11,False
david,robert,0.749509871006012,None,34,11,False
complied,dealt,0.6722895503044128,None,18,27,False
directors,executive,0.5139017105102539,None,15,30,False
c,b,0.6796927452087402,None,32,13,False
confidential,documents,0.5265722870826721,None,13,32,False
mentioning,mention,0.571168065071106,None,14,31,False
sunday,friday,0.7326844334602356,None,27,18,False
sheer,vast,0.45929062366485596,None,19,25,False
provoked,caused,0.588376522064209,None,10,34,False
wisely,correctly,0.49261823296546936,None,26,18,False
triggered,caused,0.6295541524887085,None,10,34,False
image,reputation,0.5579060316085815,None,27,17,False
restrictive,strict,0.6438075304031372,None,28,16,False
corporations,enterprises,0.6463302969932556,None,17,27,False
lengthy,brief,0.5397113561630249,None,31,13,False
bases,base,0.574874997138977,None,16,28,False
militias,forces,0.6323837041854858,None,12,32,False
observations,comments,0.571548581123352,None,14,30,False
thai,chinese,0.6441891193389893,None,15,29,False
unnecessarily,unnecessary,0.709507405757904,None,22,22,False
cypriot,belgium,0.6412346363067627,None,26,17,False
associations,association,0.6417855620384216,None,21,22,False
arrests,arrest,0.6115494966506958,None,16,27,False
composition,structure,0.48245182633399963,None,23,20,False
duisenberg,solana,0.7454715967178345,None,30,13,False
stroke,heart,0.5385535359382629,None,11,32,False
everywhere,wherever,0.5387359857559204,None,28,15,False
extinction,species,0.6369383335113525,None,10,33,False
verheugen,nielson,0.7658922076225281,0.7033966779708862,26,17,False
economics,science,0.545305609703064,None,25,18,False
seats,seat,0.6016377210617065,None,33,10,False
methodology,method,0.6080554127693176,None,20,23,False
spell,carrying,0.5458210110664368,None,17,26,False
exercises,exercise,0.5609709024429321,None,11,32,False
intolerable,unacceptable,0.6417599320411682,None,11,32,False
mainstreaming,promoting,0.5537283420562744,None,17,26,False
staffing,administrative,0.5390786528587341,None,20,22,False
communicated,informed,0.6132402420043945,None,12,30,False
incomes,income,0.6745799779891968,None,10,32,False
king,gibraltar,0.5528662800788879,None,29,13,False
preferential,smes,0.605873703956604,None,12,30,False
mismanagement,corruption,0.5841213464736938,None,17,25,False
mandelson,byrne,0.7356019020080566,0.6309905648231506,30,12,False
pounds,tonnes,0.6528299450874329,None,17,25,False
brok,varela,0.7044901251792908,None,31,11,False
asean,neighbouring,0.6669267416000366,0.6590956449508667,28,14,False
pretend,forget,0.6341712474822998,None,18,24,False
unhappy,satisfied,0.7019758820533752,None,24,18,False
transferring,transfer,0.6386699080467224,None,10,32,False
dramatically,significantly,0.7065448760986328,None,26,16,False
proceeding,proceed,0.5534719228744507,None,22,20,False
signals,signal,0.72520911693573,None,27,15,False
convenient,easy,0.6312832236289978,None,14,28,False
preventative,prevention,0.6749891638755798,None,12,29,False
manifesto,declaration,0.5418389439582825,None,14,27,False
borrowing,debt,0.6654903888702393,None,13,28,False
couples,families,0.5679208040237427,None,15,26,False
adoptions,adoption,0.5471160411834717,None,11,30,False
commodity,prices,0.583981990814209,None,11,30,False
describe,described,0.6227514743804932,None,26,15,False
kuwait,palestine,0.6555004715919495,None,16,25,False
behave,treat,0.5510023832321167,None,18,23,False
spokesman,secretary,0.5745693445205688,None,19,22,False
defeat,win,0.5671124458312988,None,26,15,False
skill,skills,0.656753659248352,None,25,16,False
rescue,emergency,0.4736729860305786,None,16,25,False
ladders,boats,0.4707290530204773,None,14,27,False
regulator,regulatory,0.5659707188606262,None,20,21,False
excellence,innovation,0.6155665516853333,None,12,29,False
processed,processing,0.6544626951217651,None,17,24,False
drink,alcohol,0.5889599323272705,None,19,22,False
imprisonment,sentence,0.6907335519790649,None,27,14,False
vitorino,nielson,0.7498524785041809,0.7213684916496277,24,17,False
chairs,chair,0.6281706094741821,None,15,26,False
autumn,spring,0.6890007257461548,None,28,13,False
inspired,encouraged,0.5265114903450012,None,13,27,False
wildlife,marine,0.686475396156311,None,14,26,False
banning,banned,0.6785854697227478,None,28,12,False
honesty,courage,0.580608606338501,None,15,25,False
endorses,supports,0.7200920581817627,None,11,29,False
enables,allows,0.8363634943962097,None,19,21,False
affair,truth,0.5056997537612915,None,20,20,False
bourlanges,varela,0.8111691474914551,None,29,11,False
cotonou,interinstitutional,0.7152791619300842,0.6791788339614868,29,11,False
transferred,removed,0.6241782903671265,None,20,20,False
returning,returned,0.6242952942848206,None,25,15,False
cruel,dangerous,0.5778388977050781,None,17,23,False
imbalance,gap,0.5588076114654541,None,21,19,False
resume,begin,0.5502452850341797,None,12,28,False
produces,producing,0.649239182472229,None,20,20,False
unhelpful,helpful,0.6168118715286255,None,15,25,False
timescale,timetable,0.5771551132202148,None,25,14,False
enjoying,enjoy,0.6419490575790405,None,14,25,False
alive,dead,0.49381038546562195,None,22,17,False
bears,bear,0.5765886306762695,None,15,24,False
premier,largest,0.555025577545166,None,10,29,False
derived,sources,0.5904462337493896,None,12,27,False
congestion,traffic,0.6530146598815918,None,24,15,False
memorandum,letter,0.5703591704368591,None,10,29,False
conferences,meetings,0.5505185127258301,None,15,24,False
artificial,tacs,0.5738662481307983,None,25,14,False
utterly,totally,0.6887475252151489,None,13,26,False
naval,maritime,0.5396325588226318,None,20,19,False
techniques,methods,0.8265628814697266,None,11,28,False
employing,employed,0.7000739574432373,None,12,27,False
chairmanship,chairman,0.6183445453643799,None,10,29,False
identifying,identify,0.6109074950218201,None,22,17,False
esdp,eib,0.6909782886505127,None,26,13,False
examining,examine,0.6679726839065552,None,22,17,False
explicit,clearer,0.5081818699836731,None,29,10,False
scandal,controversy,0.6188393831253052,None,26,13,False
perceived,regarded,0.5651014447212219,None,29,10,False
fundamentalist,religious,0.6188429594039917,None,18,20,False
peacekeeping,troops,0.6044985055923462,None,28,10,False
learnt,learned,0.7057912945747375,None,24,14,False
arm,hands,0.496685266494751,None,15,23,False
invented,created,0.5707646012306213,None,14,24,False
jury,trial,0.5734089016914368,None,11,27,False
wynn,napolitano,0.6781430840492249,None,22,16,False
commercially,whisky,0.5687941312789917,None,13,25,False
younger,older,0.7167225480079651,None,10,28,False
transmission,schengen,0.5658973455429077,None,27,11,False
korean,korea,0.7332658767700195,None,19,19,False
v,d,0.48261240124702454,None,10,28,False
crash,accident,0.7829644083976746,None,19,19,False
organise,fulfil,0.6659387946128845,0.6612933874130249,25,13,False
crucially,vitally,0.567639946937561,None,19,19,False
explanations,explanation,0.6009529829025269,None,12,26,False
burton,kosovo,0.5164947509765625,None,17,21,False
occupational,medical,0.5959110260009766,None,21,17,False
installations,plants,0.6103173494338989,None,19,19,False
suspected,accused,0.6354916095733643,None,24,14,False
cabin,aircraft,0.5216120481491089,None,28,10,False
books,book,0.5955748558044434,None,28,10,False
reverse,fulfil,0.5168631672859192,None,25,13,False
suspended,suspend,0.6253769397735596,None,27,10,False
grip,hands,0.49651461839675903,None,14,23,False
disappear,lose,0.5707007646560669,None,18,19,False
cruelty,exploitation,0.5633611679077148,None,16,21,False
rocard,harbour,0.7871729135513306,None,22,15,False
clinical,medical,0.5760341882705688,None,20,17,False
lukashenko,mugabe,0.696916401386261,None,24,13,False
returns,investments,0.5444497466087341,None,27,10,False
weaker,stronger,0.6673688292503357,None,12,25,False
grossly,totally,0.5930337905883789,None,11,26,False
appointments,appointment,0.6564746499061584,None,26,11,False
hotel,airport,0.5450982451438904,None,10,27,False
controlling,preventing,0.5594364404678345,None,23,14,False
prisons,prisoners,0.6874240636825562,None,26,11,False
reassured,assured,0.6590069532394409,None,25,12,False
sulphur,tacs,0.7028170228004456,None,23,14,False
online,internet,0.5919034481048584,None,16,21,False
lesser,lower,0.564160943031311,None,17,20,False
intrusion,unnecessary,0.47570496797561646,None,15,22,False
establishments,sectors,0.6063014268875122,None,10,27,False
screening,testing,0.5189738273620605,None,25,12,False
slip,fall,0.5490472316741943,None,10,27,False
cleaning,clean,0.6569129228591919,None,15,22,False
cleaner,clean,0.6476975679397583,None,14,22,False
anticipate,occur,0.5079783201217651,None,23,13,False
horizontal,regionalisation,0.5143227577209473,None,22,14,False
perform,fulfil,0.53252774477005,None,23,13,False
royal,shetland,0.5508766174316406,None,20,16,False
ally,partner,0.5439708232879639,None,18,18,False
homosexuals,religious,0.5212975740432739,None,16,20,False
moscow,belgium,0.6500170826911926,None,19,17,False
reassurance,assurances,0.5925927758216858,None,22,14,False
warn,advise,0.7127128839492798,None,16,20,False
faster,stronger,0.6041595935821533,None,11,25,False
entirety,fulfil,0.5625501275062561,None,23,13,False
separated,removed,0.6332467794418335,None,16,20,False
sympathise,disagree,0.7598549127578735,0.7339218854904175,20,16,False
confuse,forget,0.5694155097007751,None,12,24,False
stone,concrete,0.4756336808204651,None,18,18,False
abstention,abstained,0.5915490388870239,None,19,17,False
countryside,highlands,0.616811990737915,None,18,18,False
mining,mine,0.5768625140190125,None,26,10,False
ltte,hamas,0.6385024189949036,None,21,15,False
tries,fails,0.6275546550750732,None,23,13,False
ran,went,0.5787588357925415,None,10,26,False
insofar,regards,0.5870769619941711,None,12,24,False
errors,mistakes,0.6749464273452759,None,22,14,False
neo,democrat,0.6602201461791992,None,20,16,False
secular,pluralism,0.6890695095062256,None,25,11,False
treating,treat,0.6988080739974976,None,13,23,False
monitors,monitor,0.6034696102142334,None,10,25,False
unprecedented,extraordinary,0.6206147074699402,None,17,18,False
vaccine,vaccination,0.6860463619232178,None,21,14,False
moderate,severe,0.5276715755462646,None,18,17,False
condolences,congratulations,0.6448122262954712,None,19,16,False
bought,sold,0.6820241212844849,None,23,12,False
opponents,supporters,0.5916270613670349,None,24,11,False
sentences,sentence,0.7901853322982788,None,21,14,False
introduces,introducing,0.6645973920822144,None,13,22,False
finger,hands,0.48271629214286804,None,12,23,False
financially,economically,0.667627215385437,None,24,11,False
complying,compliance,0.7321030497550964,None,12,23,False
musharraf,santer,0.6976054310798645,None,25,10,False
verhofstadt,bolkestein,0.760715663433075,0.7036023139953613,14,21,False
hinder,undermine,0.6640686392784119,None,13,22,False
arguing,argued,0.6703081130981445,None,25,10,False
indulge,enjoy,0.5590397119522095,None,10,25,False
dioxide,emissions,0.5946808457374573,None,13,22,False
haiti,japan,0.594884991645813,None,10,25,False
manchester,england,0.6789020895957947,None,16,19,False
classes,schools,0.5468632578849792,None,17,18,False
diet,healthy,0.5936703681945801,None,15,20,False
russians,kosovo,0.6702762246131897,None,14,21,False
trees,crops,0.5157983303070068,None,20,15,False
depth,analysis,0.4923383891582489,None,22,13,False
pieces,items,0.5697929263114929,None,21,13,False
tortured,torture,0.6223520040512085,None,16,18,False
dwell,concentrate,0.5872324109077454,None,10,24,False
pharmaceuticals,pharmaceutical,0.7366326451301575,None,13,21,False
county,city,0.5800666809082031,None,17,17,False
allocate,allocated,0.6937357187271118,None,16,18,False
sceptical,worried,0.7021104693412781,0.6881877779960632,24,10,False
quest,neighbours,0.5773755311965942,None,17,17,False
mentions,refers,0.6692458987236023,None,21,13,False
pvc,hiv,0.5458248853683472,None,17,17,False
derogations,derogation,0.6507927179336548,None,23,11,False
jihad,terror,0.6646617650985718,None,14,20,False
finished,finish,0.600342869758606,None,23,11,False
deterioration,decline,0.6322927474975586,None,17,17,False
haider,macartney,0.7135137915611267,None,18,16,False
macedonia,croatia,0.7488884329795837,None,21,13,False
pride,prestige,0.4609174132347107,None,23,11,False
disrepute,inquiry,0.47349923849105835,None,21,13,False
helsinki,tampere,0.6222976446151733,None,20,14,False
transported,travelling,0.5695553421974182,None,11,22,False
ed,ppe,0.6470035910606384,None,16,17,False
malaysia,denmark,0.7004222869873047,None,19,14,False
enabled,enabling,0.6670842170715332,None,19,14,False
frightened,afraid,0.5591747164726257,None,13,20,False
gold,tacs,0.5339435338973999,None,19,14,False
balkan,neighbouring,0.7920903563499451,None,19,14,False
cautious,careful,0.6622855067253113,None,19,14,False
calm,peaceful,0.4637928605079651,None,10,23,False
underlined,highlighted,0.7203241586685181,None,14,19,False
honestly,personally,0.612558126449585,None,17,16,False
evolving,changing,0.6351655125617981,None,17,16,False
johannesburg,tampere,0.6968072652816772,None,19,14,False
cadmium,pollution,0.4134008288383484,None,11,22,False
releases,release,0.5824203491210938,None,17,16,False
disagreement,dispute,0.7110391855239868,None,16,17,False
repair,rebuild,0.6112160682678223,None,13,20,False
ultimate,centralised,0.5350646376609802,None,23,10,False
utilities,electricity,0.609932541847229,None,19,14,False
vibrant,dynamic,0.6695884466171265,None,14,19,False
nielson,monti,0.7567723989486694,0.7508238554000854,20,13,False
versions,version,0.6968191266059875,None,17,16,False
witnessing,seeing,0.6871621012687683,None,11,22,False
peacefully,peaceful,0.6300123333930969,None,10,23,False
fleeing,travelling,0.5522362589836121,None,11,22,False
somalia,ethiopia,0.7030562162399292,None,18,15,False
theme,feature,0.5486314296722412,None,23,10,False
attacked,killed,0.6046770811080933,None,13,20,False
emphasised,noted,0.7029191255569458,0.6008486747741699,17,16,False
overtime,extra,0.47727012634277344,None,10,23,False
constructively,constructive,0.5621210336685181,None,15,17,False
motorists,drivers,0.6453448534011841,None,12,20,False
hot,cold,0.5418376922607422,None,22,10,False
perpetrated,behaviour,0.6243008375167847,None,16,16,False
slaughterhouses,farms,0.6198267936706543,None,15,17,False
abstaining,abstained,0.7450122833251953,None,15,17,False
deregulation,liberalization,0.6673812866210938,None,20,12,False
unclear,determine,0.5496293902397156,None,22,10,False
doctor,doctors,0.5888741612434387,None,20,12,False
epidemic,outbreak,0.6780030727386475,None,20,12,False
nurses,doctors,0.7014912366867065,None,20,12,False
pakistani,indian,0.6500974297523499,None,21,11,False
religions,religious,0.6419902443885803,None,12,20,False
deliberate,tenzin,0.5316785573959351,None,21,11,False
plank,element,0.5467451214790344,None,10,22,False
continuity,regionalisation,0.5886760950088501,None,18,14,False
noting,noted,0.6221882700920105,None,16,16,False
contentious,controversial,0.7389440536499023,None,20,12,False
bushill,harbour,0.7852222919464111,None,17,15,False
replacing,replace,0.6268312931060791,None,14,18,False
revert,reject,0.5061870217323303,None,10,22,False
committing,commit,0.6134887933731079,None,15,17,False
protests,protest,0.6838609576225281,None,16,16,False
statistic,statistics,0.5803920030593872,None,10,22,False
alarmed,surprised,0.7360379695892334,None,16,16,False
unintended,immediate,0.4770321249961853,None,12,20,False
statistical,analysis,0.5537311434745789,None,19,13,False
homosexuality,religious,0.569308340549469,None,12,20,False
organs,cells,0.5483962893486023,None,17,15,False
confiscated,destroyed,0.5746814012527466,None,11,21,False
medina,corbett,0.5124154686927795,None,17,15,False
denying,deny,0.6994642019271851,None,17,15,False
chances,prospects,0.5192269682884216,None,20,12,False
florence,belgium,0.6342906355857849,None,15,17,False
beliefs,belief,0.6106106638908386,None,13,19,False
simpler,easier,0.7036852836608887,None,15,17,False
deepest,deep,0.651702880859375,None,11,21,False
prohibition,harmonisation,0.618372917175293,None,19,13,False
confirms,indicates,0.6954807043075562,None,20,12,False
opposes,oppose,0.7171904444694519,None,13,19,False
named,chosen,0.5516484379768372,None,22,10,False
breathe,afford,0.4830564260482788,None,11,21,False
mines,mine,0.6520984172821045,None,22,10,False
saturday,friday,0.7654749155044556,None,14,18,False
kick,break,0.5071947574615479,None,17,15,False
cooperatives,farms,0.5512416958808899,None,14,17,False
afforded,granted,0.5861335396766663,None,18,13,False
literature,science,0.532386064529419,None,13,18,False
karas,harbour,0.8044871091842651,None,16,15,False
indicative,harmonisation,0.4550463557243347,None,18,13,False
striking,struck,0.6014387011528015,None,13,18,False
trigger,occur,0.5491999387741089,None,18,13,False
applicants,applicant,0.5403928160667419,None,12,19,False
accede,ratify,0.5660440921783447,None,13,18,False
slight,minor,0.6008909344673157,None,21,10,False
margin,percentage,0.5245295763015747,None,16,15,False
unionists,unions,0.6491914391517639,None,11,20,False
plasma,blood,0.534275233745575,None,10,21,False
safeguarding,protecting,0.7023665308952332,None,10,21,False
ira,belgium,0.6339070796966553,None,14,17,False
pretext,justification,0.5980457067489624,None,17,14,False
publicity,prestige,0.5272479057312012,None,20,11,False
schedule,timetable,0.4807418882846832,None,17,14,False
viola,recital,0.5543836951255798,None,13,18,False
howitt,harbour,0.7976908087730408,None,16,15,False
macroeconomic,socio,0.5760896801948547,None,19,12,False
tissues,cells,0.6590672731399536,None,16,15,False
collect,identify,0.5193256735801697,None,14,17,False
conditioning,physical,0.5531630516052246,None,21,10,False
liabilities,assets,0.6471359729766846,None,12,19,False
allowance,expenses,0.4960854649543762,None,16,15,False
bombings,bombing,0.7479976415634155,None,18,13,False
countering,combating,0.6636772751808167,None,10,21,False
radically,radical,0.568868100643158,None,17,14,False
lannoye,napolitano,0.7822925448417664,None,15,16,False
impoverished,poorest,0.6484127640724182,None,11,19,False
paramilitaries,civilians,0.5690287351608276,None,16,14,False
shock,embarrassment,0.5236272215843201,None,20,10,False
satisfactorily,successfully,0.5610402822494507,None,18,12,False
complacent,worrying,0.5498161315917969,None,16,14,False
camp,camps,0.6861087083816528,None,20,10,False
sophisticated,expensive,0.6178595423698425,None,17,13,False
cite,argue,0.567505955696106,None,12,18,False
circulated,submitted,0.6024558544158936,None,13,17,False
screens,television,0.5448993444442749,None,13,17,False
limiting,reducing,0.630723237991333,None,11,19,False
concur,disagree,0.7673580050468445,None,14,16,False
insult,pity,0.4823746681213379,None,12,18,False
blokland,varela,0.7737929821014404,None,19,11,False
breaks,break,0.5968965291976929,None,15,15,False
resistant,severe,0.5023225545883179,None,13,17,False
imo,portugal,0.6201095581054688,None,11,19,False
realistically,realistic,0.5588147640228271,None,15,15,False
reding,nielson,0.7741736173629761,None,13,17,False
dozen,hundred,0.6827065348625183,None,10,20,False
canadian,canada,0.6768678426742554,None,12,18,False
hitler,hussein,0.6680660247802734,None,11,19,False
reactors,plants,0.619951605796814,None,11,19,False
acute,severe,0.6331638097763062,None,13,17,False
male,woman,0.581230878829956,None,16,14,False
compromised,undermined,0.6442337036132812,None,16,14,False
f,b,0.6524179577827454,None,17,13,False
beijing,belgium,0.6418548226356506,None,13,17,False
outdated,inadequate,0.6481529474258423,None,17,13,False
nationalist,religious,0.5687675476074219,None,10,20,False
innocence,innocent,0.5564684271812439,None,16,14,False
crazy,ridiculous,0.6987098455429077,None,17,13,False
lighter,lower,0.5576448440551758,None,10,20,False
leap,moves,0.5166887640953064,None,11,19,False
reluctance,refusal,0.6644711494445801,None,20,10,False
obsession,neighbours,0.6237771511077881,None,12,17,False
lowering,reducing,0.6987442970275879,None,10,19,False
tannock,macartney,0.7469645738601685,None,13,16,False
mountains,highlands,0.6458211541175842,None,11,18,False
eleven,nine,0.7541894912719727,None,11,18,False
james,robert,0.695416271686554,None,18,11,False
starch,sugar,0.5901474952697754,None,10,19,False
colom,napolitano,0.7804831862449646,None,13,16,False
orchestra,recital,0.5019611716270447,None,11,18,False
reasoning,belief,0.5077178478240967,None,10,19,False
cited,noted,0.5981215834617615,None,13,16,False
subscribe,listen,0.42948973178863525,None,12,17,False
teaching,school,0.5986027717590332,None,17,12,False
gradually,rapidly,0.6036975979804993,None,16,13,False
gue,ppe,0.716659426689148,None,12,17,False
architecture,design,0.6497450470924377,None,17,12,False
tanks,vehicles,0.5385513305664062,None,12,17,False
replacement,replace,0.5501839518547058,None,11,18,False
dismiss,deny,0.6073709726333618,None,14,15,False
dealings,neighbours,0.6027446985244751,None,12,17,False
slowly,rapidly,0.6474016308784485,None,16,13,False
jail,prison,0.7833324670791626,None,18,11,False
uganda,ukraine,0.7075800895690918,None,16,13,False
distress,hardship,0.5604755282402039,None,17,12,False
reinsurance,insurance,0.653598427772522,None,10,19,False
revolutionary,innovative,0.5523390769958496,None,15,14,False
birmingham,england,0.6851902604103088,None,10,19,False
neighbour,neighbours,0.7270457744598389,None,12,17,False
stupid,ridiculous,0.6555164456367493,None,16,13,False
suffers,suffer,0.6605111360549927,None,10,19,False
resign,withdraw,0.5255606770515442,None,11,18,False
rulings,ruling,0.5795140862464905,None,13,16,False
rehabilitation,reconstruction,0.5583385825157166,None,10,19,False
insecurity,instability,0.6802031993865967,None,18,11,False
recitals,recital,0.6640629172325134,None,11,18,False
optional,mandatory,0.566221296787262,None,15,14,False
checked,check,0.5893071889877319,None,13,16,False
seeds,crops,0.5913500785827637,None,14,15,False
gmo,crops,0.6493544578552246,None,14,15,False
likes,napolitano,0.6210939288139343,None,13,16,False
prolonged,severe,0.6174601316452026,None,12,17,False
athens,belgium,0.6836782097816467,None,12,17,False
pillars,elements,0.575812041759491,None,18,11,False
olympic,portugal,0.5443692207336426,None,10,19,False
critics,supporters,0.4952470660209656,None,18,11,False
peru,serbia,0.6823440790176392,None,10,19,False
engineering,design,0.5988019704818726,None,17,12,False
immune,severe,0.5025796890258789,None,12,17,False
headquarters,offices,0.6431092619895935,None,12,16,False
mountain,highlands,0.553776741027832,None,10,18,False
perverse,absurd,0.5648521184921265,None,12,16,False
disappeared,dead,0.5956578254699707,None,11,17,False
turns,turned,0.6634085178375244,None,12,16,False
gratitude,congratulations,0.6747894287109375,None,12,16,False
cotton,crops,0.6289865374565125,None,13,15,False
summary,analysis,0.5761075019836426,None,15,13,False
convincing,credible,0.5146944522857666,None,18,10,False
withhold,withdraw,0.5555261969566345,None,10,18,False
illustrate,highlight,0.6732046008110046,None,12,16,False
prostitution,trafficking,0.7016592025756836,None,13,15,False
duplicate,identify,0.4907168745994568,None,11,17,False
tenth,fifth,0.6455256342887878,None,18,10,False
jargon,bureaucracy,0.47628819942474365,None,14,14,False
anticipated,expected,0.6390234231948853,None,15,13,False
mutilation,torture,0.5557557344436646,None,10,18,False
journal,published,0.5349522829055786,None,14,14,False
morally,moral,0.5808476209640503,None,18,10,False
amazed,surprised,0.7285937070846558,None,12,16,False
ineffective,inadequate,0.6178712844848633,None,15,13,False
classic,modern,0.5775671005249023,None,14,14,False
reads,refers,0.6000683903694153,None,15,13,False
dover,shetland,0.6803564429283142,None,12,16,False
truck,van,0.6545050144195557,None,10,18,False
swoboda,harbour,0.7948670387268066,None,13,15,False
nationalism,xenophobia,0.5949651002883911,None,17,11,False
verdict,ruling,0.6071637868881226,None,12,16,False
bathing,tacs,0.5206725597381592,None,14,14,False
feared,believed,0.6091103553771973,None,18,10,False
titley,harbour,0.739194393157959,None,13,15,False
transformed,turned,0.5824294686317444,None,12,16,False
emergencies,disasters,0.6213767528533936,None,12,16,False
traders,investors,0.6057754755020142,None,18,10,False
racial,racism,0.6552377939224243,None,16,11,False
imposes,imposed,0.6272696256637573,None,13,14,False
jarzembowski,harbour,0.7562737464904785,None,12,15,False
endorsement,backing,0.5919814109802246,None,13,14,False
conditionality,regionalisation,0.5369154214859009,None,13,14,False
incomprehensible,absurd,0.6157052516937256,None,11,16,False
pronk,harbour,0.7567225694656372,None,12,15,False
observatory,satellite,0.512566328048706,None,14,13,False
lady,woman,0.6718341112136841,None,13,14,False
visual,design,0.5414614081382751,None,15,12,False
reflecting,reflected,0.6614425778388977,None,16,11,False
cashman,harbour,0.8207206726074219,0.7389711141586304,12,15,False
corbett,varela,0.7529711723327637,0.6791189312934875,16,11,False
audiovisual,digital,0.5933605432510376,None,14,13,False
misguided,flawed,0.5899310111999512,None,17,10,False
imply,indicate,0.5871986746788025,None,15,12,False
covenant,obligations,0.5980561971664429,None,11,16,False
disregarded,ignored,0.784252405166626,None,11,16,False
initiate,undertake,0.6544736623764038,None,14,13,False
attach,attached,0.6302995085716248,None,16,11,False
awarded,granted,0.5465773940086365,None,14,13,False
eliminating,eliminate,0.7161957621574402,None,13,14,False
needing,requiring,0.6097512245178223,None,16,11,False
steady,slow,0.5734982490539551,None,10,17,False
components,types,0.6099360585212708,None,17,10,False
substitution,regionalisation,0.5018714666366577,None,13,14,False
naked,dead,0.47845739126205444,None,10,17,False
lankan,nepal,0.6353711485862732,None,14,13,False
bombers,bombing,0.6277961730957031,None,14,13,False
proving,prove,0.6303784251213074,None,12,15,False
pouring,turned,0.5161529779434204,None,11,16,False
municipal,city,0.5420722961425781,None,10,17,False
unelected,democratically,0.49008673429489136,None,17,10,False
linear,regionalisation,0.5429655909538269,None,12,14,False
windward,shetland,0.5921854972839355,None,10,16,False
concluding,concluded,0.6682360768318176,None,15,11,False
refuses,fails,0.6637400984764099,None,13,13,False
accelerate,facilitate,0.6680116653442383,None,12,14,False
answering,answered,0.691412091255188,None,15,11,False
reward,incentive,0.5649620294570923,None,14,12,False
tightened,opened,0.5409983992576599,None,12,14,False
hysteria,controversy,0.5373613834381104,None,13,13,False
bone,tacs,0.5561301112174988,None,12,14,False
supplied,imported,0.6514725685119629,None,16,10,False
omission,mistake,0.5524019002914429,None,16,10,False
courtesy,brittan,0.5443255305290222,None,16,10,False
slaughtered,slaughter,0.629819393157959,None,16,10,False
bowe,harbour,0.7653937935829163,None,11,15,False
succeeds,succeed,0.5789886713027954,None,10,16,False
abilities,skills,0.640547513961792,None,10,16,False
concentrating,focused,0.690088152885437,None,12,14,False
grade,school,0.540250837802887,None,14,12,False
mg,gm,0.4605581760406494,None,13,13,False
talents,skills,0.5701735019683838,None,10,16,False
describes,described,0.7036024332046509,None,11,15,False
hungarian,czech,0.6785218119621277,None,16,10,False
passes,catches,0.5667023658752441,None,14,12,False
resignation,appointment,0.5830281972885132,None,15,11,False
lacks,lacking,0.6001258492469788,None,15,11,False
misled,misleading,0.6152759790420532,None,10,16,False
unpopular,desperate,0.5180421471595764,None,11,15,False
divisive,politically,0.5550626516342163,None,11,15,False
illustrates,demonstrates,0.7704718112945557,None,15,11,False
exert,fulfil,0.607661783695221,None,13,13,False
disingenuous,absurd,0.6143762469291687,None,10,16,False
ordered,requested,0.6170390844345093,None,15,11,False
manufactured,imported,0.6666208505630493,None,16,10,False
vain,desperate,0.5256697535514832,None,11,15,False
shareholders,investors,0.6072381138801575,None,16,10,False
halt,suspend,0.6184130907058716,None,16,10,False
admission,harmonisation,0.48845571279525757,None,13,13,False
leverage,fulfil,0.5666861534118652,None,13,13,False
speculation,controversy,0.558373212814331,None,13,13,False
evasion,harmonisation,0.5027962923049927,None,13,13,False
flouted,ignored,0.6328245401382446,None,10,16,False
consultative,codecision,0.5570070743560791,None,11,15,False
impunity,abuses,0.4916244149208069,None,14,12,False
typical,normally,0.5374488234519958,None,15,11,False
boosting,enhancing,0.7469560503959656,None,13,13,False
welsh,shetland,0.6170730590820312,None,10,16,False
endeavours,fulfil,0.7241528034210205,0.5675028562545776,13,13,False
disagreed,disagree,0.7513155937194824,None,10,16,False
prerequisite,regionalisation,0.5711706876754761,None,12,14,False
indent,harmonisation,0.4389282464981079,None,13,13,False
grass,crops,0.5134446024894714,None,10,15,False
calculation,analysis,0.5500211715698242,None,12,13,False
inconvenience,hardship,0.534688413143158,None,13,12,False
outbreaks,outbreak,0.734445333480835,None,13,12,False
mails,mail,0.7160763740539551,None,11,14,False
reaffirm,reinforce,0.6107177734375,None,13,12,False
exceed,fulfil,0.5575317740440369,None,12,13,False
excessively,similarly,0.5817366242408752,None,13,12,False
therein,recognising,0.5461087822914124,None,10,15,False
audio,digital,0.5501208305358887,None,12,13,False
specified,schengen,0.6075149774551392,None,14,11,False
misunderstanding,confusion,0.6204157471656799,None,13,12,False
accusations,allegations,0.7664385437965393,None,12,13,False
incidence,deaths,0.5798234939575195,None,13,12,False
isle,isles,0.7487838268280029,None,15,10,False
themes,feature,0.5210756063461304,None,15,10,False
santini,harbour,0.771822988986969,None,10,15,False
outline,outlined,0.6085145473480225,None,12,13,False
retrospective,collection,0.5029990673065186,None,14,11,False
seed,crops,0.5128865242004395,None,10,15,False
diamantopoulou,brittan,0.754747748374939,None,15,10,False
belder,harbour,0.7945908308029175,None,10,15,False
nickel,tacs,0.4993922710418701,None,11,14,False
maize,crops,0.6759450435638428,None,10,15,False
cleansing,recognising,0.5279290676116943,None,10,15,False
obstacle,obstacles,0.656277060508728,None,12,13,False
inconsistent,inadequate,0.5828677415847778,None,12,13,False
renew,fulfil,0.6348747611045837,None,12,13,False
format,feature,0.5005851984024048,None,15,10,False
katiforis,harbour,0.7822125554084778,0.7592386603355408,10,15,False
hierarchy,centralised,0.522889256477356,None,15,10,False
classification,harmonisation,0.6110262870788574,None,11,13,False
acceding,neighbouring,0.5620501637458801,None,10,14,False
rockets,civilians,0.44390538334846497,None,10,14,False
supermarket,shop,0.5674272775650024,None,14,10,False
reactions,reaction,0.6966475248336792,None,11,13,False
roo,evans,0.5301936864852905,None,10,14,False
computers,computer,0.6127850413322449,None,13,11,False
categorically,condemn,0.5133599042892456,None,10,14,False
alan,robert,0.7238184809684753,None,13,11,False
elaborate,brittan,0.5658566951751709,None,14,10,False
accuse,accused,0.6704671382904053,None,10,14,False
reveal,schengen,0.5167058706283569,None,13,11,False
expose,fulfil,0.6233682632446289,None,11,13,False
comprehensible,accessible,0.5458038449287415,None,10,14,False
utility,electricity,0.5776145458221436,None,10,14,False
indications,indication,0.6000244617462158,None,14,10,False
militants,terrorists,0.6443558931350708,None,10,14,False
embarking,undertaken,0.49487942457199097,None,11,13,False
saga,controversy,0.5410400629043579,None,11,13,False
implication,tenzin,0.5707305669784546,None,13,11,False
sponsored,funded,0.5769596099853516,None,11,13,False
mccreevy,byrne,0.762741208076477,0.6833909749984741,12,12,False
hurt,injured,0.6068511009216309,None,10,14,False
inviting,invite,0.6946829557418823,None,13,11,False
grows,grow,0.6489766240119934,None,10,14,False
frustrating,disappointing,0.6283653974533081,None,12,12,False
panic,confusion,0.49179530143737793,None,12,12,False
bowman,boat,0.515180230140686,None,13,11,False
assert,defend,0.7233049869537354,None,11,13,False
nigerian,nigeria,0.7334098815917969,None,13,11,False
dismantling,removing,0.5528433322906494,None,11,13,False
declaring,declared,0.7117010354995728,None,11,13,False
accommodate,satisfy,0.5669023990631104,None,13,11,False
classified,regarded,0.5283396244049072,None,14,10,False
altered,changed,0.7012929916381836,None,10,14,False
liable,accountable,0.5303186774253845,None,10,14,False
venezuela,ukraine,0.6737783551216125,None,11,13,False
maximise,fulfil,0.7686278223991394,None,11,13,False
inadequacy,inadequate,0.634937047958374,None,11,13,False
oppressed,minorities,0.5927258133888245,None,10,14,False
planes,aircraft,0.724406898021698,None,14,10,False
properties,homes,0.6600227355957031,None,11,13,False
motives,intentions,0.5333143472671509,None,12,12,False
seemingly,similarly,0.6334699392318726,None,12,12,False
absorb,fulfil,0.5405312180519104,None,11,13,False
underpinned,strengthened,0.6161664724349976,None,10,14,False
fundamentalism,pluralism,0.6207920908927917,None,13,11,False
folly,ebrd,0.5319044589996338,None,13,10,False
plainly,frankly,0.6033526062965393,None,11,12,False
bills,bill,0.5403028726577759,None,12,11,False
balancing,enhancing,0.5243428945541382,None,10,13,False
dimas,monti,0.7304707169532776,None,10,13,False
hostage,prisoners,0.44009822607040405,None,12,11,False
consolidated,consolidate,0.5608475208282471,None,12,11,False
lend,fulfil,0.6452199220657349,None,10,13,False
manifest,fulfil,0.5268422365188599,None,10,13,False
silguy,brittan,0.6957823038101196,None,13,10,False
sanitation,hygiene,0.6154192090034485,None,11,12,False
hooligans,supporters,0.5108360052108765,None,12,11,False
consuming,expensive,0.5557374954223633,None,10,13,False
officer,chief,0.5769989490509033,None,13,10,False
brokers,firms,0.5780184268951416,None,11,12,False
cites,refers,0.6016025543212891,None,10,13,False
hampton,guantanamo,0.5148359537124634,None,12,11,False
enhancement,enhancing,0.6510761976242065,None,10,13,False
geopolitical,socio,0.5744680166244507,None,11,12,False
overly,somewhat,0.6009814739227295,None,10,13,False
serbian,croatia,0.692021369934082,None,10,13,False
anxieties,fears,0.6103473901748657,None,12,11,False
annexed,annex,0.6077176332473755,None,10,13,False
enthusiastically,wholeheartedly,0.6281501054763794,None,12,11,False
poorly,similarly,0.5548221468925476,None,11,12,False
uncomfortable,anxious,0.6040399074554443,None,13,10,False
capitalism,democracies,0.5812985897064209,None,12,11,False
student,school,0.572993278503418,None,11,12,False
cancellation,delays,0.5157335996627808,None,10,13,False
unduly,similarly,0.5489383935928345,None,10,12,False
revenues,revenue,0.8095837831497192,None,10,12,False
shorter,bigger,0.5814768671989441,None,10,12,False
wealthy,rich,0.6110811233520508,None,11,11,False
stephen,robert,0.7048972249031067,None,11,11,False
endemic,centralised,0.57899409532547,None,12,10,False
submission,submit,0.4663395881652832,None,12,10,False
eurosceptic,socialists,0.5117434859275818,None,11,11,False
blowing,wind,0.5275610685348511,None,12,10,False
broek,brittan,0.8182313442230225,None,12,10,False
ambiguity,confusion,0.6177002191543579,None,10,12,False
securities,investors,0.5684583783149719,None,12,10,False
display,displayed,0.6216356158256531,None,12,10,False
ears,eyes,0.5750540494918823,None,10,12,False
museum,gallery,0.5094350576400757,None,12,10,False
physically,physical,0.5431287288665771,None,12,10,False
specialists,experts,0.6912012696266174,None,10,12,False
zana,tenzin,0.7386525869369507,None,11,11,False
unmarried,offence,0.49707943201065063,None,12,10,False
imperfect,offence,0.5280770063400269,None,12,10,False
incapable,capable,0.6509001851081848,None,12,10,False
macro,socio,0.5716363191604614,None,10,12,False
exploited,exploit,0.7001234292984009,None,12,10,False
interior,design,0.5136395692825317,None,10,12,False
cancel,suspend,0.6263102293014526,None,12,10,False
respectable,decent,0.5785682201385498,None,10,11,False
throwing,thrown,0.6633046865463257,None,10,11,False
lehne,varela,0.764284610748291,None,10,11,False
catering,ancillary,0.5447307229042053,None,11,10,False
restructure,restructuring,0.6181887984275818,None,11,10,False
strands,elements,0.4997008144855499,None,10,11,False
dissidents,prisoners,0.5942047834396362,None,10,11,False
endorsing,endorsed,0.6925453543663025,None,11,10,False
predictable,centralised,0.6178901195526123,None,11,10,False
jordan,lebanon,0.6719479560852051,None,11,10,False
angry,worried,0.6382618546485901,None,11,10,False
underlining,underline,0.7006475925445557,None,10,11,False
intermediaries,schengen,0.46990811824798584,None,10,11,False
container,ship,0.5589831471443176,None,10,11,False
regulating,regulate,0.7057966589927673,None,10,10,False
airspace,aircraft,0.5464915037155151,None,10,10,False
misses,missed,0.5923952460289001,None,10,10,False
repeating,repeated,0.6060476303100586,None,10,10,False
probity,integrity,0.5975694060325623,None,10,10,False
vietnamese,iranian,0.6647200584411621,None,10,10,False
routinely,frequently,0.7171173095703125,None,10,10,False
advocated,endorsed,0.6586369276046753,None,10,10,False
adapted,adapt,0.6817154288291931,None,10,10,False
exploiting,exploit,0.6638578176498413,None,10,10,False
syrian,iranian,0.6876484155654907,None,10,10,False
lifts,lift,0.6394467353820801,None,10,10,False
bite,eat,0.43828144669532776,None,10,10,False
sincere,sincerely,0.7136349678039551,None,10,10,False
pilots,aircraft,0.5963931679725647,None,10,10,False
pulled,pull,0.696599006652832,None,10,10,False
